/*
Deployment script for 102661522

This code was generated by a tool.
Changes to this file may cause incorrect behavior and will be lost if
the code is regenerated.
*/

GO
SET ANSI_NULLS, ANSI_PADDING, ANSI_WARNINGS, ARITHABORT, CONCAT_NULL_YIELDS_NULL, QUOTED_IDENTIFIER ON;

SET NUMERIC_ROUNDABORT OFF;


GO
:setvar DatabaseName "102661522"
:setvar DefaultFilePrefix "102661522"
:setvar DefaultDataPath ""
:setvar DefaultLogPath ""

GO
:on error exit
GO
/*
Detect SQLCMD mode and disable script execution if SQLCMD mode is not supported.
To re-enable the script after enabling SQLCMD mode, execute the following:
SET NOEXEC OFF; 
*/
:setvar __IsSqlCmdEnabled "True"
GO
IF N'$(__IsSqlCmdEnabled)' NOT LIKE N'True'
    BEGIN
        PRINT N'SQLCMD mode must be enabled to successfully execute this script.';
        SET NOEXEC ON;
    END


GO

DELETE FROM Sale;
DELETE FROM Special_Interests;
DELETE FROM Customer;
DELETE FROM Record;

INSERT INTO Special_Interests(InterestCode,InterestDesc)
VALUES('RR','Rock and Roll'),
('JA','Jazz'),
('RB','Rhythm and Blues'),
('RR','Rock and Roll'),
('RB','Rhythm and Blues');

INSERT INTO Record(RecordID,Title,Performer)
VALUES('PF003','The Wall','Pink Floyed'),
('IX002','Kick','IXNS'),
('SP069','Never Mind The Bollocks','Sex Pistols'),
('PF002','Dark Side of the Moon','Pink Floyed'),
('IX005','Shabooh Shoobah','INXS'),
('SP070','Floggin a Dead Horse','Sex Pistols'),
('PF004','The Endless River','Pink Floyed'),
('PF006','Wish You Were Here','Pink Floyed'),
('SP075','Agents of Anarchy','Sex Pistols'),
('PF007','The Division Bell','Pink Floyed');

INSERT INTO Customer(CustNo,CustName,CustAddress,PostCode,InterestCode)
VALUES(123,'Jimmy Barnes',1, 'Sesame Street',3000,'RR'),
(456,'Ian Moss','10 Downing Street',4000,'JA'),
(789,'Don Walker','221B Baker Street',5000,'RB'),
(234,'Steve Prestwich','LG1 College Cres, Parkville',6000,'RR'),
(567,'Phil Small','1 Adelaide Avenue',7000,'RB');

INSERT INTO Sale(SaleDate,PricePaid,RecordID,CustNo)
VALUES('1-Dec-2015',30.00,'PF003',123),
('1-Dec-2015',29.95,'IX002',123),
('2-Dec-2015',12.45,'SP069',123),
('5-Dec-2015',30.00,'IX002',123),
('1-Dec-2015',31.00,'PF002',456),
('3-Dec-2015',28.95,'IX005',456),
('6-Dec-2015',13.45,'SP070',456),
('2-Dec-2015',29.00,'PF004',789),
('3-Dec-2015',29.95,'IX002',789),
('1-Dec-2015',45.00,'PF006',234),
('4-Dec-2015',5.67,'SP075',234),
('3-Dec-2015',9.95,'PF007',567);


GO

GO
PRINT N'Update complete.';


GO
